path,sha256,role
data/root/root/hrdb_run_0031.root,9921aa75c062d0b8994573299a201cbe2725673319fdf1b8cffb711fb9adcea7,doc_scope_raw_b_root
data/root/root/hrdb_run_0032.root,649983bf173352b638bf57c099dc92741b70483feba8981172b26319fc9047ff,doc_scope_raw_b_root
data/root/root/hrdb_run_0033.root,1b8f1dcda0e53b8c7b702f00801555f6d317a87bed8efef6d228b49146dbf973,doc_scope_raw_b_root
data/root/root/hrdb_run_0034.root,69ef29a8d879aaa908ab4a076c82b3d10ac7b3e2622e491e017eb368290bdf51,doc_scope_raw_b_root
data/root/root/hrdb_run_0035.root,a6e08e36ab103e76b53741b55ea7cd3e648d1800508d6144b96ab80820e156ea,doc_scope_raw_b_root
data/root/root/hrdb_run_0036.root,1160bee157e233eb63421597b415f1aaf4dea2c1e7e4a804836c487704852fee,doc_scope_raw_b_root
data/root/root/hrdb_run_0037.root,6bcebe85c0b1e38a42cc326cbcdc2107ccaee877372bffd537ce71baa1b22fd3,doc_scope_raw_b_root
data/root/root/hrdb_run_0039.root,b875c8d45a62a39933d7d4648518040a645629e6fb60c9111a7d05c4d982c568,doc_scope_raw_b_root
data/root/root/hrdb_run_0040.root,0d4ebb2f14673aea000c454fd8a4be2c56d6028c31e26a82c1ecd85578128f17,doc_scope_raw_b_root
data/root/root/hrdb_run_0041.root,72f7a53810bcc4858c2d56e64bdc3bcbb94b9f8e34d35b79c202a77328eb8010,doc_scope_raw_b_root
data/root/root/hrdb_run_0042.root,b941a6a777414912a0db865a87f68370accf916348340d2249972018f2e61898,doc_scope_raw_b_root
data/root/root/hrdb_run_0044.root,0ac6d667ebf7c1b47d037dde649e5977cdc6012d80abb6a311516bc67d03ad50,doc_scope_raw_b_root
data/root/root/hrdb_run_0045.root,b7bf2921edc3f776390cf50efe6901cb99f9807d7ae04ab5d8925348b74eb96b,doc_scope_raw_b_root
data/root/root/hrdb_run_0046.root,7a1f8b5c0e478739401425f3e80bb5469433064137ccbd30266f8e42da135bf3,doc_scope_raw_b_root
data/root/root/hrdb_run_0047.root,f73d9328de01147826d0c142caa38baa7d6577ce88b6c6566b57039919015bc3,doc_scope_raw_b_root
data/root/root/hrdb_run_0048.root,73de7b2c54394585869fce573aeeae1075af130741524484dd79a6823183eaf8,doc_scope_raw_b_root
data/root/root/hrdb_run_0049.root,78de20d813d501dfc9881ec9ee7e8297a9c26929d6ed71400238ca4f29664744,doc_scope_raw_b_root
data/root/root/hrdb_run_0050.root,5fa46e1f0ab4eb605501ccf952bfca46eb46be2dffd66672beadd01305dfe799,doc_scope_raw_b_root
data/root/root/hrdb_run_0051.root,6ffc099d12f495df759033caef8c53c05aa24acada928392afe796f3a72c011e,doc_scope_raw_b_root
data/root/root/hrdb_run_0052.root,3305bb0a1604afe6c83783d0e5d576d729c217c203eedf3bc44f304dab5fe0af,doc_scope_raw_b_root
data/root/root/hrdb_run_0053.root,62307716ee4b31dc7ab0b114401e684508d6f18beb59721a50a9aeddf4feb43c,doc_scope_raw_b_root
data/root/root/hrdb_run_0054.root,445650d124d7758e8d3a69d2c3e215e9b95f3acccc213fd9c14bbabacc763e5c,doc_scope_raw_b_root
data/root/root/hrdb_run_0055.root,134da5c9a3acb056d5bbed66f057110c506c43d3e0524936906002e56d74007c,doc_scope_raw_b_root
data/root/root/hrdb_run_0056.root,4f99f5168a4c02c6d6c2984a53ce979dbfce7ce2790fed220d6957194135d3cb,doc_scope_raw_b_root
data/root/root/hrdb_run_0057.root,ed7c738068ecb1f6b71ce76da170fc280262a84571fe2ba6129e5015b0b4de16,doc_scope_raw_b_root
data/root/root/hrdb_run_0058.root,d2324f6ffa4c05b387c18ff8b48b8589592a1bb9e30d9b3c67d7f5f3f1fe39a1,doc_scope_raw_b_root
data/root/root/hrdb_run_0059.root,64fced477c9c45f9726cde0d466c15a6d776b8bb1b22a0043510dc73c884ae0e,doc_scope_raw_b_root
data/root/root/hrdb_run_0060.root,f466b5af260d9fadba426280f6313bac1381c1441c569c7094a8a9d61373030d,doc_scope_raw_b_root
data/root/root/hrdb_run_0061.root,c57d1f18f79f11fb0d3a0bbbf42f978cff1ec704dc08337c600c17354099d61d,doc_scope_raw_b_root
data/root/root/hrdb_run_0062.root,2530c56acb462473c6b5c316c0689491ec044f01a8c623624eebafbd271fdfbe,doc_scope_raw_b_root
data/root/root/hrdb_run_0063.root,3fd42501e2c53a914b535616bc7bb7b8fb5554cd4f46d890023db6877a720a53,doc_scope_raw_b_root
data/root/root/hrdb_run_0064.root,e6661362dc89d934f42d1fa177bcb99e9c89e294b2f157a09ec1df4e50c89252,doc_scope_raw_b_root
data/root/root/hrdb_run_0065.root,fd443fd416e8e64b25f4358754c1cc7042a8c3b61c5a13fd82276873807e07bb,doc_scope_raw_b_root
data/root/root/hrdb_run_0012.root,84f09fe5eabb8f0af30907c82be33dfae19cf1b78d2799ac7141da7e98649cf9,grid_extra_raw_b_root
data/root/root/hrdb_run_0013.root,197371909cb36ea89946a68ece98137bf49a3e349f9b6839b8b29dc4ba2adaef,grid_extra_raw_b_root
data/root/root/hrdb_run_0014.root,7c9844c61e99f8f62a395218dcacc26e002e6f7d5b9577c78193999ae367721d,grid_extra_raw_b_root
data/root/root/hrdb_run_0015.root,a229b6ef8651735b2de0ba40770c497cadfc0203a66b68483c493973eae92b45,grid_extra_raw_b_root
data/root/root/hrdb_run_0016.root,95be7d907516b8bb0f9b39c2ed8acea42e875ee9abe69bc23d08dcac5cacf89f,grid_extra_raw_b_root
data/root/root/hrdb_run_0017.root,1d3f22478e067daadaf46e5abd56d855fd051ea96b60c0bbf51309bfee80caa8,grid_extra_raw_b_root
data/root/root/hrdb_run_0018.root,860a6ca70cdb62a751904e3386144500b4062a174e54dc92d6f40f2a15509f13,grid_extra_raw_b_root
data/root/root/hrdb_run_0019.root,3adb7099d18eb008578f661b5549dea8494d55f822ddc5874ea7a318ae90f388,grid_extra_raw_b_root
data/root/root/hrdb_run_0020.root,4e270cfa9eb6b2ae7e26c8df7eb93d807dd1e26db5094935e956d60f6c175fa0,grid_extra_raw_b_root
data/root/root/hrdb_run_0021.root,38b898ee1b21d205ffa22f452b3db93f0db452b873733faf101b3cf8ce3cbd26,grid_extra_raw_b_root
data/root/root/hrdb_run_0022.root,6ab44f4b8c26f8fcd6ca30c2dddebe73d931952f2b666d1bfd68008bdcea0cd2,grid_extra_raw_b_root
data/root/root/hrdb_run_0023.root,ec7bfad1c22184d21c1b3a90e48e60ffa1aed323593f529f038f3489ad1eea50,grid_extra_raw_b_root
data/root/root/hrdb_run_0024.root,892b473418d486354346906d502939db8829edaa40e5f7dd09c71726cb497483,grid_extra_raw_b_root
data/root/root/hrdb_run_0025.root,2efd146fc1a059e943ece30b5e73064a75204e9a75c48808471d1574a3f54f1a,grid_extra_raw_b_root
data/root/root/hrdb_run_0026.root,72c8d6c536fe74cf3a1cf06657613d1b043a846168a758fe3ac021b00b8d6950,grid_extra_raw_b_root
data/root/root/hrdb_run_0027.root,b2b40fa970ef8d3dd3e44d9d71b6e77c740c441bb8429dc7ed6097caf9c92994,grid_extra_raw_b_root
data/root/root/hrdb_run_0028.root,ebe54de23d611f7583fe617785802098a116a8c4884e8e3d8ec7ee254e28a503,grid_extra_raw_b_root
data/root/root/hrdb_run_0029.root,e166cdf5ddfcb8ce09a34b2a749f6e48cab7334b485c8144bf98e591b0e36c95,grid_extra_raw_b_root
data/root/root/hrdb_run_0030.root,9fea50513af1897c3710b90ffa7541532533da1eca050c3ef844b5a67fd36c70,grid_extra_raw_b_root
data/root/root/hrdb_run_0043.root,74e64f1ffa2afcdb179cc8bf1b5d28d6c277f408992aa7077f104edf10eef81e,grid_extra_raw_b_root
reports/1780997954.15037.36463764__s01_full_dataset_templates/q_template_per_pulse.csv.gz,afccd71367fbce78238afc2b98e144e1453585a59632c1e6f7ba5413a1fd5fff,s01_q_template_table
docs/07_ml_methods.md,584230e8563bf66abf82c789904f2d21281e8750a01a97d7b0277f94fa5d4278,app_a_doc
reports/1781000790.531136.203130b0__s07c_clean_timing_rf/s07c_clean_timing_rf.py,7bebb8bf46d9962fd2235e0a5fbd0ec904cdf2d0260227c2ad3972f94179abb8,method_reference_script
